[
  {
    "id": "8d5c9da0-dede-4fb1-a383-825e43d03d5c",
    "tenant_id": "9dbdb86f-8424-484c-bb76-0d9fa27573c8",
    "provider": "smtp",
    "smtp_host": "mail.omegaboletos.com",
    "smtp_port": 465,
    "smtp_secure": true,
    "smtp_user": "email@omegaboletos.com",
    "smtp_pass": "Omegaboletos1.",
    "from_email": "email@omegaboletos.com",
    "from_name": "Omega Boletos",
    "reply_to": "email@omegaboletos.com",
    "is_active": true,
    "created_at": "2025-10-29T18:58:00.742+00:00",
    "updated_at": "2025-11-11T19:53:10.562016+00:00"
  }
]