[
  {
    "id": "4d80ae04-a6a3-4c47-b0fb-fe36dd1e0f92",
    "nombre_entrada": "Generald",
    "min": 1,
    "max": 10,
    "tipo_producto": "General",
    "recinto": 67,
    "created_at": "2025-08-14T14:09:35.171784+00:00",
    "iva": 10,
    "tenant_id": "9dbdb86f-8424-484c-bb76-0d9fa27573c8",
    "precio_base": 1,
    "quantity_step": null,
    "activo_boleteria": false,
    "activo_store": false
  },
  {
    "id": "3c787cd9-c7dd-480f-be30-6ef42a13342d",
    "nombre_entrada": "Vip",
    "min": 1,
    "max": 10,
    "tipo_producto": "General",
    "recinto": 67,
    "created_at": "2025-08-14T15:58:16.710612+00:00",
    "iva": 5,
    "tenant_id": "9dbdb86f-8424-484c-bb76-0d9fa27573c8",
    "precio_base": 2,
    "quantity_step": null,
    "activo_boleteria": false,
    "activo_store": false
  }
]