[
  {
    "id": 1,
    "name": "VIP",
    "description": "Clientes VIP",
    "color": "#ff4d4f",
    "created_at": "2025-08-03T12:26:23.033821+00:00",
    "updated_at": "2025-08-03T12:26:23.033821+00:00",
    "tenant_id": "9dbdb86f-8424-484c-bb76-0d9fa27573c8"
  },
  {
    "id": 2,
    "name": "Frecuente.",
    "description": "Compradores frecuentes",
    "color": "#52c41a",
    "created_at": "2025-08-03T12:26:23.033821+00:00",
    "updated_at": "2025-08-03T12:26:23.033821+00:00",
    "tenant_id": "9dbdb86f-8424-484c-bb76-0d9fa27573c8"
  },
  {
    "id": 3,
    "name": "Nuevo",
    "description": "Clientes nuevos",
    "color": "#1890ff",
    "created_at": "2025-08-03T12:26:23.033821+00:00",
    "updated_at": "2025-08-03T12:26:23.033821+00:00",
    "tenant_id": "9dbdb86f-8424-484c-bb76-0d9fa27573c8"
  },
  {
    "id": 4,
    "name": "Premium",
    "description": "Clientes premium",
    "color": "#722ed1",
    "created_at": "2025-08-03T12:26:23.033821+00:00",
    "updated_at": "2025-08-03T12:26:23.033821+00:00",
    "tenant_id": "9dbdb86f-8424-484c-bb76-0d9fa27573c8"
  },
  {
    "id": 5,
    "name": "Inactivo",
    "description": "Clientes inactivos",
    "color": "#faad14",
    "created_at": "2025-08-03T12:26:23.033821+00:00",
    "updated_at": "2025-08-03T12:26:23.033821+00:00",
    "tenant_id": "9dbdb86f-8424-484c-bb76-0d9fa27573c8"
  },
  {
    "id": 6,
    "name": "kp",
    "description": " km",
    "color": "#1890ff",
    "created_at": "2025-09-07T19:16:22.226653+00:00",
    "updated_at": "2025-09-07T19:16:22.226653+00:00",
    "tenant_id": "9dbdb86f-8424-484c-bb76-0d9fa27573c8"
  }
]