[
  {
    "id": "65a46e3b-142e-4d3f-928b-ad862aa7fd88",
    "name": "Stripe",
    "tipo": "porcentaje",
    "valor": 2.9,
    "fijo": 0.3,
    "activo": true,
    "created_at": "2025-09-06T15:02:23.415355+00:00",
    "updated_at": "2025-09-06T15:02:23.415355+00:00",
    "type": "percentage",
    "value": {},
    "is_active": true,
    "description": null,
    "tenant_id": "9dbdb86f-8424-484c-bb76-0d9fa27573c8"
  },
  {
    "id": "e6fabd47-3d9d-498a-9230-459f700f91bc",
    "name": "PayPal",
    "tipo": "porcentaje",
    "valor": 2.9,
    "fijo": 0.3,
    "activo": true,
    "created_at": "2025-09-06T15:02:23.415355+00:00",
    "updated_at": "2025-09-06T15:02:23.415355+00:00",
    "type": "percentage",
    "value": {},
    "is_active": true,
    "description": null,
    "tenant_id": "9dbdb86f-8424-484c-bb76-0d9fa27573c8"
  },
  {
    "id": "39df446c-bebf-449d-9210-b926e91f65da",
    "name": "Apple Pay",
    "tipo": "porcentaje",
    "valor": 2.9,
    "fijo": 0.3,
    "activo": true,
    "created_at": "2025-09-06T15:02:23.415355+00:00",
    "updated_at": "2025-09-06T15:02:23.415355+00:00",
    "type": "percentage",
    "value": {},
    "is_active": true,
    "description": null,
    "tenant_id": "9dbdb86f-8424-484c-bb76-0d9fa27573c8"
  },
  {
    "id": "b8569866-a4c6-44f7-90b7-6dcb24800ea2",
    "name": "Google Pay",
    "tipo": "porcentaje",
    "valor": 2.9,
    "fijo": 0.3,
    "activo": true,
    "created_at": "2025-09-06T15:02:23.415355+00:00",
    "updated_at": "2025-09-06T15:02:23.415355+00:00",
    "type": "percentage",
    "value": {},
    "is_active": true,
    "description": null,
    "tenant_id": "9dbdb86f-8424-484c-bb76-0d9fa27573c8"
  },
  {
    "id": "031f29a3-149e-4044-99b2-0ffa7a5a601b",
    "name": "Transferencia Bancaria",
    "tipo": "fijo",
    "valor": 0,
    "fijo": 0,
    "activo": true,
    "created_at": "2025-09-06T15:02:23.415355+00:00",
    "updated_at": "2025-09-06T15:02:23.415355+00:00",
    "type": "percentage",
    "value": {},
    "is_active": true,
    "description": null,
    "tenant_id": "9dbdb86f-8424-484c-bb76-0d9fa27573c8"
  },
  {
    "id": "3d053144-e4f1-4c4b-85e1-0806c60ce697",
    "name": "Pago Móvil",
    "tipo": "porcentaje",
    "valor": 3.5,
    "fijo": 0.5,
    "activo": true,
    "created_at": "2025-09-06T15:02:23.415355+00:00",
    "updated_at": "2025-09-06T15:02:23.415355+00:00",
    "type": "percentage",
    "value": {},
    "is_active": true,
    "description": null,
    "tenant_id": "9dbdb86f-8424-484c-bb76-0d9fa27573c8"
  },
  {
    "id": "8bb7bf0e-2709-4202-82f0-fd60f36105a7",
    "name": "Pago en Efectivo en Tienda",
    "tipo": "fijo",
    "valor": 0,
    "fijo": 0,
    "activo": true,
    "created_at": "2025-09-06T15:02:23.415355+00:00",
    "updated_at": "2025-09-06T15:02:23.415355+00:00",
    "type": "percentage",
    "value": {},
    "is_active": true,
    "description": null,
    "tenant_id": "9dbdb86f-8424-484c-bb76-0d9fa27573c8"
  },
  {
    "id": "d480b3bc-c867-4a06-9cf0-17ba9f4da391",
    "name": "Efectivo",
    "tipo": "fijo",
    "valor": 0,
    "fijo": 0,
    "activo": true,
    "created_at": "2025-09-06T15:02:23.415355+00:00",
    "updated_at": "2025-09-06T15:02:23.415355+00:00",
    "type": "percentage",
    "value": {},
    "is_active": true,
    "description": null,
    "tenant_id": "9dbdb86f-8424-484c-bb76-0d9fa27573c8"
  }
]