[
  {
    "id": "4876fa96-c7f9-47a9-84ed-973dda4749d2",
    "payment_transaction_id": "aef18172-af96-4733-a022-9e72a179f26e",
    "locator": "41AV6GKE",
    "numero_cuota": 1,
    "total_cuotas": 3,
    "monto_cuota": 1.67,
    "monto_pagado": 0,
    "fecha_vencimiento": "2025-12-10T11:10:04.661103+00:00",
    "fecha_pago": null,
    "estado": "pendiente",
    "metodo_pago": null,
    "transaction_id_cuota": null,
    "user_id": "beddc618-236b-4b4c-b05b-8eaa57810010",
    "funcion_id": 43,
    "evento_id": "b0b48dd8-7c52-462a-8c79-b00129422810",
    "tenant_id": "9dbdb86f-8424-484c-bb76-0d9fa27573c8",
    "notas": null,
    "created_at": "2025-11-25T11:10:04.661103+00:00",
    "updated_at": "2025-11-25T11:10:04.661103+00:00"
  },
  {
    "id": "b4116f4c-03c6-41e8-8d39-232da68d0e18",
    "payment_transaction_id": "aef18172-af96-4733-a022-9e72a179f26e",
    "locator": "41AV6GKE",
    "numero_cuota": 2,
    "total_cuotas": 3,
    "monto_cuota": 1.67,
    "monto_pagado": 0,
    "fecha_vencimiento": "2025-12-25T11:10:04.661103+00:00",
    "fecha_pago": null,
    "estado": "pendiente",
    "metodo_pago": null,
    "transaction_id_cuota": null,
    "user_id": "beddc618-236b-4b4c-b05b-8eaa57810010",
    "funcion_id": 43,
    "evento_id": "b0b48dd8-7c52-462a-8c79-b00129422810",
    "tenant_id": "9dbdb86f-8424-484c-bb76-0d9fa27573c8",
    "notas": null,
    "created_at": "2025-11-25T11:10:04.661103+00:00",
    "updated_at": "2025-11-25T11:10:04.661103+00:00"
  },
  {
    "id": "8d398e83-e7ad-43b6-8687-1a31298237a5",
    "payment_transaction_id": "aef18172-af96-4733-a022-9e72a179f26e",
    "locator": "41AV6GKE",
    "numero_cuota": 3,
    "total_cuotas": 3,
    "monto_cuota": 1.67,
    "monto_pagado": 0,
    "fecha_vencimiento": "2026-01-09T11:10:04.661103+00:00",
    "fecha_pago": null,
    "estado": "pendiente",
    "metodo_pago": null,
    "transaction_id_cuota": null,
    "user_id": "beddc618-236b-4b4c-b05b-8eaa57810010",
    "funcion_id": 43,
    "evento_id": "b0b48dd8-7c52-462a-8c79-b00129422810",
    "tenant_id": "9dbdb86f-8424-484c-bb76-0d9fa27573c8",
    "notas": null,
    "created_at": "2025-11-25T11:10:04.661103+00:00",
    "updated_at": "2025-11-25T11:10:04.661103+00:00"
  },
  {
    "id": "21876c3b-2b9a-4094-9144-7e772a549a6e",
    "payment_transaction_id": "a5a8363e-b557-4101-b1e1-2aa0e575f12b",
    "locator": "UFIGE553",
    "numero_cuota": 1,
    "total_cuotas": 3,
    "monto_cuota": 1.67,
    "monto_pagado": 0,
    "fecha_vencimiento": "2025-12-16T19:04:54.848372+00:00",
    "fecha_pago": null,
    "estado": "pendiente",
    "metodo_pago": null,
    "transaction_id_cuota": null,
    "user_id": "cf142159-506f-4fe6-a45c-98ca2fd07f20",
    "funcion_id": 43,
    "evento_id": "b0b48dd8-7c52-462a-8c79-b00129422810",
    "tenant_id": "9dbdb86f-8424-484c-bb76-0d9fa27573c8",
    "notas": null,
    "created_at": "2025-12-01T19:04:54.848372+00:00",
    "updated_at": "2025-12-01T19:04:54.848372+00:00"
  },
  {
    "id": "459994bf-d6d6-4aed-8450-ae71a8dbfa48",
    "payment_transaction_id": "a5a8363e-b557-4101-b1e1-2aa0e575f12b",
    "locator": "UFIGE553",
    "numero_cuota": 2,
    "total_cuotas": 3,
    "monto_cuota": 1.67,
    "monto_pagado": 0,
    "fecha_vencimiento": "2025-12-31T19:04:54.848372+00:00",
    "fecha_pago": null,
    "estado": "pendiente",
    "metodo_pago": null,
    "transaction_id_cuota": null,
    "user_id": "cf142159-506f-4fe6-a45c-98ca2fd07f20",
    "funcion_id": 43,
    "evento_id": "b0b48dd8-7c52-462a-8c79-b00129422810",
    "tenant_id": "9dbdb86f-8424-484c-bb76-0d9fa27573c8",
    "notas": null,
    "created_at": "2025-12-01T19:04:54.848372+00:00",
    "updated_at": "2025-12-01T19:04:54.848372+00:00"
  },
  {
    "id": "cd442ad1-b668-4cff-b362-ac4859e4bc37",
    "payment_transaction_id": "a5a8363e-b557-4101-b1e1-2aa0e575f12b",
    "locator": "UFIGE553",
    "numero_cuota": 3,
    "total_cuotas": 3,
    "monto_cuota": 1.67,
    "monto_pagado": 0,
    "fecha_vencimiento": "2026-01-15T19:04:54.848372+00:00",
    "fecha_pago": null,
    "estado": "pendiente",
    "metodo_pago": null,
    "transaction_id_cuota": null,
    "user_id": "cf142159-506f-4fe6-a45c-98ca2fd07f20",
    "funcion_id": 43,
    "evento_id": "b0b48dd8-7c52-462a-8c79-b00129422810",
    "tenant_id": "9dbdb86f-8424-484c-bb76-0d9fa27573c8",
    "notas": null,
    "created_at": "2025-12-01T19:04:54.848372+00:00",
    "updated_at": "2025-12-01T19:04:54.848372+00:00"
  },
  {
    "id": "6651c60a-09d1-439d-af2d-fa01c0a4fd60",
    "payment_transaction_id": "a63cbe1a-5f67-49c1-b6a2-9898b3ecdc97",
    "locator": "KKLTLVI1",
    "numero_cuota": 1,
    "total_cuotas": 3,
    "monto_cuota": 3.33,
    "monto_pagado": 0,
    "fecha_vencimiento": "2025-12-16T19:22:27.158575+00:00",
    "fecha_pago": null,
    "estado": "pendiente",
    "metodo_pago": null,
    "transaction_id_cuota": null,
    "user_id": "cf142159-506f-4fe6-a45c-98ca2fd07f20",
    "funcion_id": 43,
    "evento_id": "b0b48dd8-7c52-462a-8c79-b00129422810",
    "tenant_id": "9dbdb86f-8424-484c-bb76-0d9fa27573c8",
    "notas": null,
    "created_at": "2025-12-01T19:22:27.158575+00:00",
    "updated_at": "2025-12-01T19:22:27.158575+00:00"
  },
  {
    "id": "6bcab997-dc83-48aa-9e71-74fb03015873",
    "payment_transaction_id": "a63cbe1a-5f67-49c1-b6a2-9898b3ecdc97",
    "locator": "KKLTLVI1",
    "numero_cuota": 2,
    "total_cuotas": 3,
    "monto_cuota": 3.33,
    "monto_pagado": 0,
    "fecha_vencimiento": "2025-12-31T19:22:27.158575+00:00",
    "fecha_pago": null,
    "estado": "pendiente",
    "metodo_pago": null,
    "transaction_id_cuota": null,
    "user_id": "cf142159-506f-4fe6-a45c-98ca2fd07f20",
    "funcion_id": 43,
    "evento_id": "b0b48dd8-7c52-462a-8c79-b00129422810",
    "tenant_id": "9dbdb86f-8424-484c-bb76-0d9fa27573c8",
    "notas": null,
    "created_at": "2025-12-01T19:22:27.158575+00:00",
    "updated_at": "2025-12-01T19:22:27.158575+00:00"
  },
  {
    "id": "95a5fe5a-3a9c-437e-9d4c-105c2dc06f4a",
    "payment_transaction_id": "a63cbe1a-5f67-49c1-b6a2-9898b3ecdc97",
    "locator": "KKLTLVI1",
    "numero_cuota": 3,
    "total_cuotas": 3,
    "monto_cuota": 3.33,
    "monto_pagado": 0,
    "fecha_vencimiento": "2026-01-15T19:22:27.158575+00:00",
    "fecha_pago": null,
    "estado": "pendiente",
    "metodo_pago": null,
    "transaction_id_cuota": null,
    "user_id": "cf142159-506f-4fe6-a45c-98ca2fd07f20",
    "funcion_id": 43,
    "evento_id": "b0b48dd8-7c52-462a-8c79-b00129422810",
    "tenant_id": "9dbdb86f-8424-484c-bb76-0d9fa27573c8",
    "notas": null,
    "created_at": "2025-12-01T19:22:27.158575+00:00",
    "updated_at": "2025-12-01T19:22:27.158575+00:00"
  }
]