[
  {
    "id": "301db5fe-056c-4a84-809f-2f7b1a45799a",
    "method_id": "cashea",
    "name": "Cashea",
    "type": "gateway",
    "enabled": false,
    "config": {},
    "created_at": "2025-11-04T13:29:53.867+00:00",
    "updated_at": "2025-11-04T13:30:50.745227+00:00",
    "tenant_id": "9dbdb86f-8424-484c-bb76-0d9fa27573c8",
    "processing_time": "Aprobación instantánea",
    "fee_structure": {
      "fixed": 0.3,
      "percentage": 2.9
    },
    "supported_currencies": [
      "USD"
    ],
    "supported_countries": [
      "US"
    ],
    "is_recommended": false,
    "icon": null,
    "description": "Compra ahora y paga después con Cashea"
  },
  {
    "id": "ca6cc65a-0b2b-4efe-85de-bb358b9d9dfb",
    "method_id": "google_pay",
    "name": "Google Pay",
    "type": "wallet",
    "enabled": false,
    "config": {},
    "created_at": "2025-11-04T13:28:35.261+00:00",
    "updated_at": "2025-11-04T13:30:51.495532+00:00",
    "tenant_id": "9dbdb86f-8424-484c-bb76-0d9fa27573c8",
    "processing_time": "Instantáneo",
    "fee_structure": {
      "fixed": 0.3,
      "percentage": 2.9
    },
    "supported_currencies": [
      "USD"
    ],
    "supported_countries": [
      "US"
    ],
    "is_recommended": true,
    "icon": null,
    "description": "Pagos para usuarios Android"
  },
  {
    "id": "5e52c72e-7966-4bf8-bd18-012532ca747b",
    "method_id": "efectivo",
    "name": "Efectivo",
    "type": "cash",
    "enabled": false,
    "config": {
      "contact": "Teléfono: +58-xxx-xxx-xxxx",
      "location": "Oficina principal",
      "instructions": "Pago en efectivo al momento de la entrega"
    },
    "created_at": "2025-09-07T01:02:27.495336+00:00",
    "updated_at": "2025-11-04T13:29:04.684409+00:00",
    "tenant_id": "9dbdb86f-8424-484c-bb76-0d9fa27573c8",
    "processing_time": "Inmediato",
    "fee_structure": {
      "fixed": 0.3,
      "percentage": 2.9
    },
    "supported_currencies": [
      "USD",
      "EUR",
      "MXN"
    ],
    "supported_countries": [
      "US",
      "MX",
      "ES"
    ],
    "is_recommended": true,
    "icon": "bank",
    "description": "Método de pago personalizado"
  },
  {
    "id": "90af98bc-6817-4b23-96ea-58a20b9dec3c",
    "method_id": "efectivo_tienda",
    "name": "Pago en Efectivo en Tienda",
    "type": "custom",
    "enabled": false,
    "config": {
      "location": "Tienda Principal",
      "store_address": "Tienda Principal, Av. Principal 123, Ciudad"
    },
    "created_at": "2025-09-08T23:59:08.961435+00:00",
    "updated_at": "2025-11-04T13:29:05.917743+00:00",
    "tenant_id": "9dbdb86f-8424-484c-bb76-0d9fa27573c8",
    "processing_time": "Inmediato",
    "fee_structure": {
      "fixed": 0,
      "percentage": 0
    },
    "supported_currencies": [
      "USD"
    ],
    "supported_countries": [
      "US"
    ],
    "is_recommended": false,
    "icon": "bank",
    "description": "Método de pago personalizado"
  },
  {
    "id": "2e07dd0c-9847-4518-9737-22c9ac9dcc1e",
    "method_id": "paypal",
    "name": "PayPal",
    "type": "paypal",
    "enabled": true,
    "config": {
      "client_id": "A...",
      "client_secret": "E..."
    },
    "created_at": "2025-09-07T19:54:53.852841+00:00",
    "updated_at": "2025-11-04T13:30:59.85082+00:00",
    "tenant_id": "9dbdb86f-8424-484c-bb76-0d9fa27573c8",
    "processing_time": "Instantáneo",
    "fee_structure": {
      "fixed": 0.3,
      "percentage": 2.9
    },
    "supported_currencies": [
      "USD",
      "EUR",
      "MXN"
    ],
    "supported_countries": [
      "US",
      "MX",
      "ES"
    ],
    "is_recommended": true,
    "icon": "dollar",
    "description": "Pagos a través de PayPal"
  },
  {
    "id": "9744eeff-650c-4aa3-bcf7-64b774597159",
    "method_id": "apple_pay",
    "name": "Apple Pay",
    "type": "wallet",
    "enabled": true,
    "config": {},
    "created_at": "2025-11-04T13:27:59.758+00:00",
    "updated_at": "2025-11-04T13:29:36.293729+00:00",
    "tenant_id": "9dbdb86f-8424-484c-bb76-0d9fa27573c8",
    "processing_time": "Instantáneo",
    "fee_structure": {
      "fixed": 0.3,
      "percentage": 2.9
    },
    "supported_currencies": [
      "USD"
    ],
    "supported_countries": [
      "US"
    ],
    "is_recommended": true,
    "icon": null,
    "description": "Pagos para usuarios iOS"
  },
  {
    "id": "85106f78-c27f-493a-8672-a00212e9ce68",
    "method_id": "pago_movil",
    "name": "Pago Móvil",
    "type": "custom",
    "enabled": true,
    "config": {
      "apiKey": "example_api_key",
      "api_key": "test_api_key_123",
      "provider": "MercadoPago"
    },
    "created_at": "2025-09-08T23:59:08.961435+00:00",
    "updated_at": "2025-11-04T18:03:10.673484+00:00",
    "tenant_id": "9dbdb86f-8424-484c-bb76-0d9fa27573c8",
    "processing_time": "Instantáneo",
    "fee_structure": {
      "fixed": 0,
      "percentage": 0
    },
    "supported_currencies": [
      "USD"
    ],
    "supported_countries": [
      "US"
    ],
    "is_recommended": false,
    "icon": "bank",
    "description": "Método de pago personalizado"
  },
  {
    "id": "b1b082a8-e208-4088-890f-866982eaf691",
    "method_id": "stripe",
    "name": "Stripe",
    "type": "stripe",
    "enabled": true,
    "config": {
      "api_key": "",
      "webhook_secret": ""
    },
    "created_at": "2025-09-07T01:02:27.495336+00:00",
    "updated_at": "2025-11-04T13:29:41.689195+00:00",
    "tenant_id": "9dbdb86f-8424-484c-bb76-0d9fa27573c8",
    "processing_time": "Instantáneo",
    "fee_structure": {
      "fixed": 0.3,
      "percentage": 2.9
    },
    "supported_currencies": [
      "USD",
      "EUR",
      "MXN"
    ],
    "supported_countries": [
      "US",
      "MX",
      "ES"
    ],
    "is_recommended": true,
    "icon": "credit-card",
    "description": "Tarjetas de crédito y débito"
  },
  {
    "id": "e717a043-1003-4773-ae4d-56dfbdc73cad",
    "method_id": "transferencia",
    "name": "Transferencia Bancaria",
    "type": "transfer",
    "enabled": false,
    "config": {
      "bank_name": "Banco Principal",
      "description": "Transferencia bancaria",
      "account_holder": "Sistema Veneventos",
      "account_number": "1234567890"
    },
    "created_at": "2025-09-07T01:02:27.495336+00:00",
    "updated_at": "2025-11-04T13:30:49.860403+00:00",
    "tenant_id": "9dbdb86f-8424-484c-bb76-0d9fa27573c8",
    "processing_time": "1-3 días hábiles",
    "fee_structure": {
      "fixed": 0.3,
      "percentage": 2.9
    },
    "supported_currencies": [
      "USD",
      "EUR",
      "MXN"
    ],
    "supported_countries": [
      "US",
      "MX",
      "ES"
    ],
    "is_recommended": false,
    "icon": "bank",
    "description": "Método de pago personalizado"
  }
]