[
  {
    "id": "3c27cd5c-9f35-449b-a5a9-ed28e5e9c4bb",
    "nombre": "Plantilla Básica",
    "descripcion": "Plantilla básica para eventos simples",
    "productos": [],
    "evento_id": null,
    "tenant_id": "9dbdb86f-8424-484c-bb76-0d9fa27573c8",
    "activo": true,
    "created_at": "2025-08-14T17:24:04.282553+00:00",
    "updated_at": "2025-09-12T06:11:06.160075+00:00"
  },
  {
    "id": "a91c822e-0751-4d44-8c88-4bc07e4422da",
    "nombre": "Plantilla Premium",
    "descripcion": "Plantilla premium con productos adicionales",
    "productos": [],
    "evento_id": null,
    "tenant_id": "9dbdb86f-8424-484c-bb76-0d9fa27573c8",
    "activo": true,
    "created_at": "2025-08-14T17:24:04.282553+00:00",
    "updated_at": "2025-09-12T06:11:06.160075+00:00"
  }
]