[
  {
    "id": "b0b48dd8-7c52-462a-8c79-b00129422810",
    "nombre": "EL MERENGAZO",
    "recinto": 67,
    "usuario_id": null,
    "activo": true,
    "analytics": "{\"enabled\":false,\"gtmId\":\"\"}",
    "datosBoleto": "{\"rutTitular\":false,\"idPasaporte\":false,\"nombreTitular\":false,\"verificarEmail\":false,\"verificacionEmail\":false,\"pregunta1\":false,\"pregunta2\":false}",
    "datosComprador": "{\"nombre\":{\"solicitado\":true,\"obligatorio\":true},\"email\":{\"solicitado\":true,\"obligatorio\":true},\"telefono\":{\"solicitado\":true,\"obligatorio\":true},\"rut\":{\"solicitado\":true,\"obligatorio\":true},\"numeroIdentificacionFiscal\":{\"solicitado\":true,\"obligatorio\":true},\"direccion\":{\"solicitado\":true,\"obligatorio\":true},\"nombreFonetico\":{\"solicitado\":true,\"obligatorio\":true},\"apellidosFoneticos\":{\"solicitado\":true,\"obligatorio\":true},\"idioma\":{\"solicitado\":true,\"obligatorio\":true},\"fechaNacimiento\":{\"solicitado\":true,\"obligatorio\":true},\"sexo\":{\"solicitado\":true,\"obligatorio\":true},\"empresa\":{\"solicitado\":true,\"obligatorio\":true},\"departamento\":{\"solicitado\":true,\"obligatorio\":true},\"cargoEmpresa\":{\"solicitado\":true,\"obligatorio\":true},\"matricula\":{\"solicitado\":true,\"obligatorio\":true},\"twitter\":{\"solicitado\":true,\"obligatorio\":true},\"facebook\":{\"solicitado\":true,\"obligatorio\":true},\"youtube\":{\"solicitado\":true,\"obligatorio\":true},\"tiktok\":{\"solicitado\":true,\"obligatorio\":true},\"snapchat\":{\"solicitado\":true,\"obligatorio\":true},\"instagram\":{\"solicitado\":true,\"obligatorio\":true},\"contactoEmergencia\":{\"solicitado\":true,\"obligatorio\":true},\"nacionalidad\":{\"solicitado\":true,\"obligatorio\":true}}",
    "desactivado": false,
    "descripcionEstado": "",
    "estadoPersonalizado": "false",
    "estadoVenta": "a-la-venta",
    "mostrarDatosBoleto": "false",
    "mostrarDatosComprador": "false",
    "oculto": false,
    "otrasOpciones": "{\"observacionesEmail\":{\"mostrar\":false,\"texto\":\"\"},\"observacionesCompra\":{\"mostrar\":false,\"texto\":\"\"},\"popupAntesAsiento\":{\"mostrar\":false,\"texto\":\"\"},\"habilitarMetodosPago\":true,\"metodosPagoPermitidos\":[\"stripe\",\"paypal\",\"apple_pay\",\"google_pay\",\"transferencia\",\"pago_movil\",\"efectivo_tienda\",\"efectivo\"]}",
    "sala": 52,
    "sector": "Otros",
    "descripcion": null,
    "slug": "r",
    "tags": "[]",
    "descripcionHTML": "<p>ata</p>",
    "resumenDescripcion": "asdasdasd",
    "created_at": "2025-08-22T02:12:29.317+00:00",
    "imagenes": "{\"logoHorizontal\":{\"url\":\"b0b48dd8-7c52-462a-8c79-b00129422810/logoHorizontal_1757300650292.jpg\",\"publicUrl\":\"https://szmyqodwwdwjdodzebcp.supabase.co/storage/v1/object/public/tenant-9dbdb86f-8424-484c-bb76-0d9fa27573c8/b0b48dd8-7c52-462a-8c79-b00129422810/logoHorizontal_1757300650292.jpg\",\"bucket\":\"tenant-9dbdb86f-8424-484c-bb76-0d9fa27573c8\",\"fileName\":\"logoHorizontal_1757300650292.jpg\",\"size\":53096,\"type\":\"image/jpeg\"},\"logoVertical\":{\"url\":\"b0b48dd8-7c52-462a-8c79-b00129422810/logoVertical_1757299932623.jpg\",\"publicUrl\":\"https://szmyqodwwdwjdodzebcp.supabase.co/storage/v1/object/public/tenant-9dbdb86f-8424-484c-bb76-0d9fa27573c8/b0b48dd8-7c52-462a-8c79-b00129422810/logoVertical_1757299932623.jpg\",\"bucket\":\"tenant-9dbdb86f-8424-484c-bb76-0d9fa27573c8\",\"fileName\":\"logoVertical_1757299932623.jpg\",\"size\":100853,\"type\":\"image/jpeg\"},\"bannerPublicidad\":{\"url\":\"b0b48dd8-7c52-462a-8c79-b00129422810/bannerPublicidad_1757299942438.jpg\",\"publicUrl\":\"https://szmyqodwwdwjdodzebcp.supabase.co/storage/v1/object/public/tenant-9dbdb86f-8424-484c-bb76-0d9fa27573c8/b0b48dd8-7c52-462a-8c79-b00129422810/bannerPublicidad_1757299942438.jpg\",\"bucket\":\"tenant-9dbdb86f-8424-484c-bb76-0d9fa27573c8\",\"fileName\":\"bannerPublicidad_1757299942438.jpg\",\"size\":132920,\"type\":\"image/jpeg\"},\"bannerCuadrado\":{},\"passbook\":{},\"passBookBanner\":{\"url\":\"b0b48dd8-7c52-462a-8c79-b00129422810/passBookBanner_1757300616500.jpg\",\"publicUrl\":\"https://szmyqodwwdwjdodzebcp.supabase.co/storage/v1/object/public/tenant-9dbdb86f-8424-484c-bb76-0d9fa27573c8/b0b48dd8-7c52-462a-8c79-b00129422810/passBookBanner_1757300616500.jpg\",\"bucket\":\"tenant-9dbdb86f-8424-484c-bb76-0d9fa27573c8\",\"fileName\":\"passBookBanner_1757300616500.jpg\",\"size\":49175,\"type\":\"image/jpeg\"},\"banner\":{\"url\":\"b0b48dd8-7c52-462a-8c79-b00129422810/banner_1757300634145.jpg\",\"publicUrl\":\"https://szmyqodwwdwjdodzebcp.supabase.co/storage/v1/object/public/tenant-9dbdb86f-8424-484c-bb76-0d9fa27573c8/b0b48dd8-7c52-462a-8c79-b00129422810/banner_1757300634145.jpg\",\"bucket\":\"tenant-9dbdb86f-8424-484c-bb76-0d9fa27573c8\",\"fileName\":\"banner_1757300634145.jpg\",\"size\":903550,\"type\":\"image/jpeg\"},\"obraImagen\":{\"url\":\"b0b48dd8-7c52-462a-8c79-b00129422810/obraImagen_1757300642919.jpg\",\"publicUrl\":\"https://szmyqodwwdwjdodzebcp.supabase.co/storage/v1/object/public/tenant-9dbdb86f-8424-484c-bb76-0d9fa27573c8/b0b48dd8-7c52-462a-8c79-b00129422810/obraImagen_1757300642919.jpg\",\"bucket\":\"tenant-9dbdb86f-8424-484c-bb76-0d9fa27573c8\",\"fileName\":\"obraImagen_1757300642919.jpg\",\"size\":622789,\"type\":\"image/jpeg\"},\"portada\":{\"url\":\"b0b48dd8-7c52-462a-8c79-b00129422810/portada_1757298832861.jpg\",\"publicUrl\":\"https://szmyqodwwdwjdodzebcp.supabase.co/storage/v1/object/public/tenant-9dbdb86f-8424-484c-bb76-0d9fa27573c8/b0b48dd8-7c52-462a-8c79-b00129422810/portada_1757298832861.jpg\",\"bucket\":\"tenant-9dbdb86f-8424-484c-bb76-0d9fa27573c8\",\"fileName\":\"portada_1757298832861.jpg\",\"size\":694990,\"type\":\"image/jpeg\"},\"logoPassbook\":{\"url\":\"b0b48dd8-7c52-462a-8c79-b00129422810/logoPassbook_1757299981761.jpg\",\"publicUrl\":\"https://szmyqodwwdwjdodzebcp.supabase.co/storage/v1/object/public/tenant-9dbdb86f-8424-484c-bb76-0d9fa27573c8/b0b48dd8-7c52-462a-8c79-b00129422810/logoPassbook_1757299981761.jpg\",\"bucket\":\"tenant-9dbdb86f-8424-484c-bb76-0d9fa27573c8\",\"fileName\":\"logoPassbook_1757299981761.jpg\",\"size\":32604,\"type\":\"image/jpeg\"},\"logoCuadrado\":{\"url\":\"b0b48dd8-7c52-462a-8c79-b00129422810/logoCuadrado_1757299951924.jpg\",\"publicUrl\":\"https://szmyqodwwdwjdodzebcp.supabase.co/storage/v1/object/public/tenant-9dbdb86f-8424-484c-bb76-0d9fa27573c8/b0b48dd8-7c52-462a-8c79-b00129422810/logoCuadrado_1757299951924.jpg\",\"bucket\":\"tenant-9dbdb86f-8424-484c-bb76-0d9fa27573c8\",\"fileName\":\"logoCuadrado_1757299951924.jpg\",\"size\":118623,\"type\":\"image/jpeg\"},\"passbookBanner\":{\"url\":\"b0b48dd8-7c52-462a-8c79-b00129422810/passbookBanner_1757299988329.jpg\",\"publicUrl\":\"https://szmyqodwwdwjdodzebcp.supabase.co/storage/v1/object/public/tenant-9dbdb86f-8424-484c-bb76-0d9fa27573c8/b0b48dd8-7c52-462a-8c79-b00129422810/passbookBanner_1757299988329.jpg\",\"bucket\":\"tenant-9dbdb86f-8424-484c-bb76-0d9fa27573c8\",\"fileName\":\"passbookBanner_1757299988329.jpg\",\"size\":49175,\"type\":\"image/jpeg\"}}",
    "tenant_id": "9dbdb86f-8424-484c-bb76-0d9fa27573c8",
    "plantilla_precios_id": null,
    "recinto_id": null,
    "modoVenta": "mapa",
    "sectorPersonalizado": "hfcg"
  }
]