[
  {
    "id": 43,
    "evento_id": "b0b48dd8-7c52-462a-8c79-b00129422810",
    "sala_id": 52,
    "plantilla": 9,
    "fecha_celebracion": "2025-11-04T16:00:00+00:00",
    "inicio_venta": "2025-11-03T16:00:00+00:00",
    "fin_venta": "2025-12-11T16:00:00+00:00",
    "pago_a_plazos": false,
    "permitir_reservas_web": false,
    "creadopor": "cf142159-506f-4fe6-a45c-98ca2fd07f20",
    "created_at": "2025-08-23T21:55:56.420744+00:00",
    "plantilla_comisiones": null,
    "plantilla_producto": null,
    "tiempo_caducidad_reservas": -120,
    "fecha_liberacion_reservas": null,
    "tenant_id": "9dbdb86f-8424-484c-bb76-0d9fa27573c8",
    "es_principal": true,
    "zona_horaria": "America/Mexico_City",
    "lit_sesion": "",
    "utiliza_lit_sesion": false,
    "apertura_puertas": "2025-11-04T14:00:00+00:00",
    "promotional_session_label": "",
    "session_belongs_season_pass": false,
    "id_abono_sala": [],
    "streaming_mode": false,
    "overwrite_streaming_setup": false,
    "streaming_type": "ENETRES",
    "streaming_url": "",
    "streaming_id": "",
    "streaming_password": "",
    "streaming_only_one_session_by_ticket": false,
    "streaming_show_url": false,
    "streaming_transmission_start": null,
    "streaming_transmission_stop": null,
    "plantilla_entradas": 9,
    "plantilla_cupos": null,
    "id_barcode_pool": null,
    "permite_pago_plazos": true,
    "num_plazos_pago": null,
    "permite_reserva": true,
    "misma_fecha_canales": true,
    "canales": {
      "internet": {
        "fin": "2025-12-11T16:00",
        "activo": true,
        "inicio": "2025-11-03T16:00"
      },
      "boxOffice": {
        "fin": "2025-12-11T16:00",
        "activo": true,
        "inicio": "2025-11-03T16:00"
      }
    },
    "cancellation_date_selected": false,
    "end_date_cancellation": null,
    "ticket_printing_release_date_selected": false,
    "ticket_printing_release_date": 120,
    "custom_printing_ticket_date": null,
    "custom_ses1": "",
    "custom_ses2": "",
    "visible_en_boleteria": true,
    "visible_en_store": true,
    "recinto_id": 67,
    "updated_at": "2025-11-04T19:59:40.960526+00:00",
    "activo": true,
    "cantidad_cuotas": 3,
    "dias_entre_pagos": 15,
    "fecha_inicio_pagos_plazos": "2025-10-01T16:00:00+00:00",
    "fecha_fin_pagos_plazos": "2026-02-28T16:00:00+00:00"
  }
]