[
  {
    "id": "f832ad69-fa94-4657-8232-811693431051",
    "action": "user_login",
    "details": "{\"userId\":\"cf142159-506f-4fe6-a45c-98ca2fd07f20\",\"email\":\"admin10@admin.com\",\"action\":\"login\"}",
    "metadata": "{}",
    "resource_id": "cf142159-506f-4fe6-a45c-98ca2fd07f20",
    "resource_type": "user",
    "severity": "info",
    "tenant_id": "9dbdb86f-8424-484c-bb76-0d9fa27573c8",
    "user_id": "cf142159-506f-4fe6-a45c-98ca2fd07f20",
    "session_id": "a25edcdc-f55f-4ded-b469-49cbc9dfcfbf",
    "ip_address": "89.116.218.30",
    "user_agent": "Mozilla/5.0 (Windows NT 10.0; Win64; x64) AppleWebKit/537.36 (KHTML, like Gecko) Chrome/119.0.0.0 Safari/537.36",
    "url": "https://sistema.veneventos.com/store",
    "referrer": null,
    "created_at": "2025-12-18T15:34:53.327+00:00"
  },
  {
    "id": "4f39abb3-faca-455c-a32a-13aacd4b7dfc",
    "action": "user_login",
    "details": "{\"userId\":\"cf142159-506f-4fe6-a45c-98ca2fd07f20\",\"email\":\"admin10@admin.com\",\"action\":\"login\"}",
    "metadata": "{}",
    "resource_id": "cf142159-506f-4fe6-a45c-98ca2fd07f20",
    "resource_type": "user",
    "severity": "info",
    "tenant_id": "9dbdb86f-8424-484c-bb76-0d9fa27573c8",
    "user_id": "cf142159-506f-4fe6-a45c-98ca2fd07f20",
    "session_id": "a25edcdc-f55f-4ded-b469-49cbc9dfcfbf",
    "ip_address": "89.116.218.30",
    "user_agent": "Mozilla/5.0 (Windows NT 10.0; Win64; x64) AppleWebKit/537.36 (KHTML, like Gecko) Chrome/119.0.0.0 Safari/537.36",
    "url": "https://sistema.veneventos.com/store",
    "referrer": null,
    "created_at": "2025-12-18T15:35:20.84+00:00"
  },
  {
    "id": "65c08277-7e6a-4a09-bf2a-c20de3195ca8",
    "action": "user_login",
    "details": "{\"userId\":\"cf142159-506f-4fe6-a45c-98ca2fd07f20\",\"email\":\"admin10@admin.com\",\"action\":\"login\"}",
    "metadata": "{}",
    "resource_id": "cf142159-506f-4fe6-a45c-98ca2fd07f20",
    "resource_type": "user",
    "severity": "info",
    "tenant_id": "9dbdb86f-8424-484c-bb76-0d9fa27573c8",
    "user_id": "cf142159-506f-4fe6-a45c-98ca2fd07f20",
    "session_id": "a25edcdc-f55f-4ded-b469-49cbc9dfcfbf",
    "ip_address": "89.116.218.30",
    "user_agent": "Mozilla/5.0 (Windows NT 10.0; Win64; x64) AppleWebKit/537.36 (KHTML, like Gecko) Chrome/119.0.0.0 Safari/537.36",
    "url": "https://sistema.veneventos.com/store/eventos/r/map?funcion=43",
    "referrer": null,
    "created_at": "2025-12-18T16:06:46.984+00:00"
  },
  {
    "id": "9dddd7a4-ac4b-46f9-8d50-98c61a4c513a",
    "action": "user_login",
    "details": "{\"userId\":\"cf142159-506f-4fe6-a45c-98ca2fd07f20\",\"email\":\"admin10@admin.com\",\"action\":\"login\"}",
    "metadata": "{}",
    "resource_id": "cf142159-506f-4fe6-a45c-98ca2fd07f20",
    "resource_type": "user",
    "severity": "info",
    "tenant_id": "9dbdb86f-8424-484c-bb76-0d9fa27573c8",
    "user_id": "cf142159-506f-4fe6-a45c-98ca2fd07f20",
    "session_id": "a25edcdc-f55f-4ded-b469-49cbc9dfcfbf",
    "ip_address": "89.116.218.30",
    "user_agent": "Mozilla/5.0 (Windows NT 10.0; Win64; x64) AppleWebKit/537.36 (KHTML, like Gecko) Chrome/119.0.0.0 Safari/537.36",
    "url": "https://sistema.veneventos.com/store/eventos/r/map?funcion=43",
    "referrer": null,
    "created_at": "2025-12-18T16:07:44.063+00:00"
  },
  {
    "id": "9b2ed262-6985-4fbf-a38d-5b2d5a7616e8",
    "action": "user_login",
    "details": "{\"userId\":\"cf142159-506f-4fe6-a45c-98ca2fd07f20\",\"email\":\"admin10@admin.com\",\"action\":\"login\"}",
    "metadata": "{}",
    "resource_id": "cf142159-506f-4fe6-a45c-98ca2fd07f20",
    "resource_type": "user",
    "severity": "info",
    "tenant_id": "9dbdb86f-8424-484c-bb76-0d9fa27573c8",
    "user_id": "cf142159-506f-4fe6-a45c-98ca2fd07f20",
    "session_id": "a25edcdc-f55f-4ded-b469-49cbc9dfcfbf",
    "ip_address": "154.62.127.251",
    "user_agent": "Mozilla/5.0 (Windows NT 10.0; Win64; x64) AppleWebKit/537.36 (KHTML, like Gecko) Chrome/119.0.0.0 Safari/537.36",
    "url": "https://sistema.veneventos.com/store/eventos/r/map?funcion=43",
    "referrer": null,
    "created_at": "2025-12-18T17:10:37.379+00:00"
  },
  {
    "id": "444bb9ee-cc04-45fa-9ad6-4ec08f342943",
    "action": "user_login",
    "details": "{\"userId\":\"cf142159-506f-4fe6-a45c-98ca2fd07f20\",\"email\":\"admin10@admin.com\",\"action\":\"login\"}",
    "metadata": "{}",
    "resource_id": "cf142159-506f-4fe6-a45c-98ca2fd07f20",
    "resource_type": "user",
    "severity": "info",
    "tenant_id": "9dbdb86f-8424-484c-bb76-0d9fa27573c8",
    "user_id": "cf142159-506f-4fe6-a45c-98ca2fd07f20",
    "session_id": "a25edcdc-f55f-4ded-b469-49cbc9dfcfbf",
    "ip_address": "154.62.127.251",
    "user_agent": "Mozilla/5.0 (Windows NT 10.0; Win64; x64) AppleWebKit/537.36 (KHTML, like Gecko) Chrome/119.0.0.0 Safari/537.36",
    "url": "https://sistema.veneventos.com/store/eventos/r/map?funcion=43",
    "referrer": null,
    "created_at": "2025-12-18T17:17:39.834+00:00"
  },
  {
    "id": "410f2d48-9145-42b5-ac05-d804d4fc300b",
    "action": "user_login",
    "details": "{\"userId\":\"cf142159-506f-4fe6-a45c-98ca2fd07f20\",\"email\":\"admin10@admin.com\",\"action\":\"login\"}",
    "metadata": "{}",
    "resource_id": "cf142159-506f-4fe6-a45c-98ca2fd07f20",
    "resource_type": "user",
    "severity": "info",
    "tenant_id": "9dbdb86f-8424-484c-bb76-0d9fa27573c8",
    "user_id": "cf142159-506f-4fe6-a45c-98ca2fd07f20",
    "session_id": "a25edcdc-f55f-4ded-b469-49cbc9dfcfbf",
    "ip_address": "154.62.127.251",
    "user_agent": "Mozilla/5.0 (Windows NT 10.0; Win64; x64) AppleWebKit/537.36 (KHTML, like Gecko) Chrome/119.0.0.0 Safari/537.36",
    "url": "https://sistema.veneventos.com/store/eventos/r/map?funcion=43",
    "referrer": null,
    "created_at": "2025-12-18T17:26:43.465+00:00"
  },
  {
    "id": "a8d4953f-79b3-4352-9c90-5aaa5817e788",
    "action": "user_login",
    "details": "{\"userId\":\"cf142159-506f-4fe6-a45c-98ca2fd07f20\",\"email\":\"admin10@admin.com\",\"action\":\"login\"}",
    "metadata": "{}",
    "resource_id": "cf142159-506f-4fe6-a45c-98ca2fd07f20",
    "resource_type": "user",
    "severity": "info",
    "tenant_id": "9dbdb86f-8424-484c-bb76-0d9fa27573c8",
    "user_id": "cf142159-506f-4fe6-a45c-98ca2fd07f20",
    "session_id": "a25edcdc-f55f-4ded-b469-49cbc9dfcfbf",
    "ip_address": "154.62.127.251",
    "user_agent": "Mozilla/5.0 (Windows NT 10.0; Win64; x64) AppleWebKit/537.36 (KHTML, like Gecko) Chrome/119.0.0.0 Safari/537.36",
    "url": "https://sistema.veneventos.com/store/eventos/r/map?funcion=43",
    "referrer": "https://sistema.veneventos.com/store/eventos/r/map?funcion=43",
    "created_at": "2025-12-18T17:29:57.711+00:00"
  },
  {
    "id": "183af597-7aeb-4923-8a4d-508f4239f591",
    "action": "user_login",
    "details": "{\"userId\":\"cf142159-506f-4fe6-a45c-98ca2fd07f20\",\"email\":\"admin10@admin.com\",\"action\":\"login\"}",
    "metadata": "{}",
    "resource_id": "cf142159-506f-4fe6-a45c-98ca2fd07f20",
    "resource_type": "user",
    "severity": "info",
    "tenant_id": "9dbdb86f-8424-484c-bb76-0d9fa27573c8",
    "user_id": "cf142159-506f-4fe6-a45c-98ca2fd07f20",
    "session_id": "a25edcdc-f55f-4ded-b469-49cbc9dfcfbf",
    "ip_address": "154.62.127.251",
    "user_agent": "Mozilla/5.0 (Windows NT 10.0; Win64; x64) AppleWebKit/537.36 (KHTML, like Gecko) Chrome/119.0.0.0 Safari/537.36",
    "url": "https://sistema.veneventos.com/",
    "referrer": null,
    "created_at": "2025-12-18T18:50:45.775+00:00"
  },
  {
    "id": "189e0975-0827-49ab-a581-ceb448d69f67",
    "action": "user_login",
    "details": "{\"userId\":\"cf142159-506f-4fe6-a45c-98ca2fd07f20\",\"email\":\"admin10@admin.com\",\"action\":\"login\"}",
    "metadata": "{}",
    "resource_id": "cf142159-506f-4fe6-a45c-98ca2fd07f20",
    "resource_type": "user",
    "severity": "info",
    "tenant_id": "9dbdb86f-8424-484c-bb76-0d9fa27573c8",
    "user_id": "cf142159-506f-4fe6-a45c-98ca2fd07f20",
    "session_id": "a25edcdc-f55f-4ded-b469-49cbc9dfcfbf",
    "ip_address": "154.62.127.251",
    "user_agent": "Mozilla/5.0 (Windows NT 10.0; Win64; x64) AppleWebKit/537.36 (KHTML, like Gecko) Chrome/119.0.0.0 Safari/537.36",
    "url": "https://sistema.veneventos.com/store/eventos/r",
    "referrer": null,
    "created_at": "2025-12-18T18:51:45.372+00:00"
  },
  {
    "id": "707255b2-43e9-4b60-a88b-754812917c8d",
    "action": "user_login",
    "details": "{\"userId\":\"cf142159-506f-4fe6-a45c-98ca2fd07f20\",\"email\":\"admin10@admin.com\",\"action\":\"login\"}",
    "metadata": "{}",
    "resource_id": "cf142159-506f-4fe6-a45c-98ca2fd07f20",
    "resource_type": "user",
    "severity": "info",
    "tenant_id": "9dbdb86f-8424-484c-bb76-0d9fa27573c8",
    "user_id": "cf142159-506f-4fe6-a45c-98ca2fd07f20",
    "session_id": "a25edcdc-f55f-4ded-b469-49cbc9dfcfbf",
    "ip_address": "154.62.127.251",
    "user_agent": "Mozilla/5.0 (Windows NT 10.0; Win64; x64) AppleWebKit/537.36 (KHTML, like Gecko) Chrome/119.0.0.0 Safari/537.36",
    "url": "https://sistema.veneventos.com/store/eventos/r",
    "referrer": "https://sistema.veneventos.com/store/eventos/r",
    "created_at": "2025-12-18T19:02:50.352+00:00"
  },
  {
    "id": "cd65a9f4-1996-4db3-abf7-8681b8156c09",
    "action": "user_login",
    "details": "{\"userId\":\"cf142159-506f-4fe6-a45c-98ca2fd07f20\",\"email\":\"admin10@admin.com\",\"action\":\"login\"}",
    "metadata": "{}",
    "resource_id": "cf142159-506f-4fe6-a45c-98ca2fd07f20",
    "resource_type": "user",
    "severity": "info",
    "tenant_id": "9dbdb86f-8424-484c-bb76-0d9fa27573c8",
    "user_id": "cf142159-506f-4fe6-a45c-98ca2fd07f20",
    "session_id": "a25edcdc-f55f-4ded-b469-49cbc9dfcfbf",
    "ip_address": "193.187.150.92",
    "user_agent": "Mozilla/5.0 (Windows NT 10.0; Win64; x64) AppleWebKit/537.36 (KHTML, like Gecko) Chrome/119.0.0.0 Safari/537.36",
    "url": "https://sistema.veneventos.com/store",
    "referrer": null,
    "created_at": "2025-12-18T19:11:35.676+00:00"
  },
  {
    "id": "6f68b0c9-2b34-4084-8399-dad1bdfc796f",
    "action": "user_login",
    "details": "{\"userId\":\"cf142159-506f-4fe6-a45c-98ca2fd07f20\",\"email\":\"admin10@admin.com\",\"action\":\"login\"}",
    "metadata": "{}",
    "resource_id": "cf142159-506f-4fe6-a45c-98ca2fd07f20",
    "resource_type": "user",
    "severity": "info",
    "tenant_id": "9dbdb86f-8424-484c-bb76-0d9fa27573c8",
    "user_id": "cf142159-506f-4fe6-a45c-98ca2fd07f20",
    "session_id": "a25edcdc-f55f-4ded-b469-49cbc9dfcfbf",
    "ip_address": "193.187.150.92",
    "user_agent": "Mozilla/5.0 (Windows NT 10.0; Win64; x64) AppleWebKit/537.36 (KHTML, like Gecko) Chrome/119.0.0.0 Safari/537.36",
    "url": "https://sistema.veneventos.com/store/eventos/r/map?funcion=43",
    "referrer": null,
    "created_at": "2025-12-18T19:26:33.704+00:00"
  },
  {
    "id": "40c4ddcf-4421-4c14-b81d-84afc1abb45d",
    "action": "user_login",
    "details": "{\"userId\":\"cf142159-506f-4fe6-a45c-98ca2fd07f20\",\"email\":\"admin10@admin.com\",\"action\":\"login\"}",
    "metadata": "{}",
    "resource_id": "cf142159-506f-4fe6-a45c-98ca2fd07f20",
    "resource_type": "user",
    "severity": "info",
    "tenant_id": "9dbdb86f-8424-484c-bb76-0d9fa27573c8",
    "user_id": "cf142159-506f-4fe6-a45c-98ca2fd07f20",
    "session_id": "a25edcdc-f55f-4ded-b469-49cbc9dfcfbf",
    "ip_address": "193.187.150.92",
    "user_agent": "Mozilla/5.0 (Windows NT 10.0; Win64; x64) AppleWebKit/537.36 (KHTML, like Gecko) Chrome/119.0.0.0 Safari/537.36",
    "url": "https://sistema.veneventos.com/dashboard/boleteria",
    "referrer": null,
    "created_at": "2025-12-18T19:26:42.188+00:00"
  },
  {
    "id": "74f17c6c-fd21-46a3-8d66-c86a042f8902",
    "action": "user_login",
    "details": "{\"userId\":\"cf142159-506f-4fe6-a45c-98ca2fd07f20\",\"email\":\"admin10@admin.com\",\"action\":\"login\"}",
    "metadata": "{}",
    "resource_id": "cf142159-506f-4fe6-a45c-98ca2fd07f20",
    "resource_type": "user",
    "severity": "info",
    "tenant_id": "9dbdb86f-8424-484c-bb76-0d9fa27573c8",
    "user_id": "cf142159-506f-4fe6-a45c-98ca2fd07f20",
    "session_id": "a25edcdc-f55f-4ded-b469-49cbc9dfcfbf",
    "ip_address": "193.187.150.92",
    "user_agent": "Mozilla/5.0 (Windows NT 10.0; Win64; x64) AppleWebKit/537.36 (KHTML, like Gecko) Chrome/119.0.0.0 Safari/537.36",
    "url": "https://sistema.veneventos.com/dashboard",
    "referrer": null,
    "created_at": "2025-12-18T19:28:24.47+00:00"
  },
  {
    "id": "c932eba3-9689-4ba4-9b11-6a32810ff32b",
    "action": "user_login",
    "details": "{\"userId\":\"cf142159-506f-4fe6-a45c-98ca2fd07f20\",\"email\":\"admin10@admin.com\",\"action\":\"login\"}",
    "metadata": "{}",
    "resource_id": "cf142159-506f-4fe6-a45c-98ca2fd07f20",
    "resource_type": "user",
    "severity": "info",
    "tenant_id": "9dbdb86f-8424-484c-bb76-0d9fa27573c8",
    "user_id": "cf142159-506f-4fe6-a45c-98ca2fd07f20",
    "session_id": "a25edcdc-f55f-4ded-b469-49cbc9dfcfbf",
    "ip_address": "193.187.150.92",
    "user_agent": "Mozilla/5.0 (Windows NT 10.0; Win64; x64) AppleWebKit/537.36 (KHTML, like Gecko) Chrome/119.0.0.0 Safari/537.36",
    "url": "https://sistema.veneventos.com/store/eventos/r/map?funcion=43",
    "referrer": null,
    "created_at": "2025-12-18T19:32:02.122+00:00"
  },
  {
    "id": "747204a6-57d9-4084-a7b2-34e489e7c721",
    "action": "user_login",
    "details": "{\"userId\":\"cf142159-506f-4fe6-a45c-98ca2fd07f20\",\"email\":\"admin10@admin.com\",\"action\":\"login\"}",
    "metadata": "{}",
    "resource_id": "cf142159-506f-4fe6-a45c-98ca2fd07f20",
    "resource_type": "user",
    "severity": "info",
    "tenant_id": "9dbdb86f-8424-484c-bb76-0d9fa27573c8",
    "user_id": "cf142159-506f-4fe6-a45c-98ca2fd07f20",
    "session_id": "a25edcdc-f55f-4ded-b469-49cbc9dfcfbf",
    "ip_address": "193.187.150.92",
    "user_agent": "Mozilla/5.0 (Windows NT 10.0; Win64; x64) AppleWebKit/537.36 (KHTML, like Gecko) Chrome/119.0.0.0 Safari/537.36",
    "url": "https://sistema.veneventos.com/store/eventos/r/map?funcion=43",
    "referrer": null,
    "created_at": "2025-12-18T19:32:21.971+00:00"
  },
  {
    "id": "cf7ad1ac-19fb-4cbe-997a-accae62299e8",
    "action": "user_login",
    "details": "{\"userId\":\"cf142159-506f-4fe6-a45c-98ca2fd07f20\",\"email\":\"admin10@admin.com\",\"action\":\"login\"}",
    "metadata": "{}",
    "resource_id": "cf142159-506f-4fe6-a45c-98ca2fd07f20",
    "resource_type": "user",
    "severity": "info",
    "tenant_id": "9dbdb86f-8424-484c-bb76-0d9fa27573c8",
    "user_id": "cf142159-506f-4fe6-a45c-98ca2fd07f20",
    "session_id": "a25edcdc-f55f-4ded-b469-49cbc9dfcfbf",
    "ip_address": "193.187.150.92",
    "user_agent": "Mozilla/5.0 (Windows NT 10.0; Win64; x64) AppleWebKit/537.36 (KHTML, like Gecko) Chrome/119.0.0.0 Safari/537.36",
    "url": "https://sistema.veneventos.com/dashboard/boleteria",
    "referrer": null,
    "created_at": "2025-12-18T19:32:57.505+00:00"
  },
  {
    "id": "68a5bf8c-03d6-4ed9-bbc7-f484263005d1",
    "action": "user_login",
    "details": "{\"userId\":\"cf142159-506f-4fe6-a45c-98ca2fd07f20\",\"email\":\"admin10@admin.com\",\"action\":\"login\"}",
    "metadata": "{}",
    "resource_id": "cf142159-506f-4fe6-a45c-98ca2fd07f20",
    "resource_type": "user",
    "severity": "info",
    "tenant_id": "9dbdb86f-8424-484c-bb76-0d9fa27573c8",
    "user_id": "cf142159-506f-4fe6-a45c-98ca2fd07f20",
    "session_id": "a25edcdc-f55f-4ded-b469-49cbc9dfcfbf",
    "ip_address": "193.187.150.92",
    "user_agent": "Mozilla/5.0 (Windows NT 10.0; Win64; x64) AppleWebKit/537.36 (KHTML, like Gecko) Chrome/119.0.0.0 Safari/537.36",
    "url": "https://sistema.veneventos.com/dashboard",
    "referrer": "https://sistema.veneventos.com/dashboard/boleteria",
    "created_at": "2025-12-18T19:33:02.677+00:00"
  },
  {
    "id": "31b49a97-a19b-456b-b994-6ce9e269e21b",
    "action": "user_login",
    "details": "{\"userId\":\"cf142159-506f-4fe6-a45c-98ca2fd07f20\",\"email\":\"admin10@admin.com\",\"action\":\"login\"}",
    "metadata": "{}",
    "resource_id": "cf142159-506f-4fe6-a45c-98ca2fd07f20",
    "resource_type": "user",
    "severity": "info",
    "tenant_id": "9dbdb86f-8424-484c-bb76-0d9fa27573c8",
    "user_id": "cf142159-506f-4fe6-a45c-98ca2fd07f20",
    "session_id": "a25edcdc-f55f-4ded-b469-49cbc9dfcfbf",
    "ip_address": "193.187.150.92",
    "user_agent": "Mozilla/5.0 (Windows NT 10.0; Win64; x64) AppleWebKit/537.36 (KHTML, like Gecko) Chrome/119.0.0.0 Safari/537.36",
    "url": "https://sistema.veneventos.com/dashboard/crear-mapa/52",
    "referrer": "https://sistema.veneventos.com/dashboard/plano",
    "created_at": "2025-12-18T19:33:12.048+00:00"
  },
  {
    "id": "4126773b-bdb8-4456-afca-a38fb5c5a0b0",
    "action": "user_login",
    "details": "{\"userId\":\"cf142159-506f-4fe6-a45c-98ca2fd07f20\",\"email\":\"admin10@admin.com\",\"action\":\"login\"}",
    "metadata": "{}",
    "resource_id": "cf142159-506f-4fe6-a45c-98ca2fd07f20",
    "resource_type": "user",
    "severity": "info",
    "tenant_id": "9dbdb86f-8424-484c-bb76-0d9fa27573c8",
    "user_id": "cf142159-506f-4fe6-a45c-98ca2fd07f20",
    "session_id": "a25edcdc-f55f-4ded-b469-49cbc9dfcfbf",
    "ip_address": "193.187.150.92",
    "user_agent": "Mozilla/5.0 (Windows NT 10.0; Win64; x64) AppleWebKit/537.36 (KHTML, like Gecko) Chrome/119.0.0.0 Safari/537.36",
    "url": "https://sistema.veneventos.com/dashboard/crear-mapa/52",
    "referrer": "https://sistema.veneventos.com/dashboard/plano",
    "created_at": "2025-12-18T19:33:58.392+00:00"
  },
  {
    "id": "fc1fd7fa-3fb5-4a8d-8361-7c59367f6438",
    "action": "user_login",
    "details": "{\"userId\":\"cf142159-506f-4fe6-a45c-98ca2fd07f20\",\"email\":\"admin10@admin.com\",\"action\":\"login\"}",
    "metadata": "{}",
    "resource_id": "cf142159-506f-4fe6-a45c-98ca2fd07f20",
    "resource_type": "user",
    "severity": "info",
    "tenant_id": "9dbdb86f-8424-484c-bb76-0d9fa27573c8",
    "user_id": "cf142159-506f-4fe6-a45c-98ca2fd07f20",
    "session_id": "a25edcdc-f55f-4ded-b469-49cbc9dfcfbf",
    "ip_address": "193.187.150.92",
    "user_agent": "Mozilla/5.0 (Windows NT 10.0; Win64; x64) AppleWebKit/537.36 (KHTML, like Gecko) Chrome/119.0.0.0 Safari/537.36",
    "url": "https://sistema.veneventos.com/dashboard/crear-mapa/52",
    "referrer": null,
    "created_at": "2025-12-18T19:34:19.155+00:00"
  },
  {
    "id": "2b0378de-6403-4e4d-bb2e-38f4a1f1d91e",
    "action": "user_login",
    "details": "{\"userId\":\"cf142159-506f-4fe6-a45c-98ca2fd07f20\",\"email\":\"admin10@admin.com\",\"action\":\"login\"}",
    "metadata": "{}",
    "resource_id": "cf142159-506f-4fe6-a45c-98ca2fd07f20",
    "resource_type": "user",
    "severity": "info",
    "tenant_id": "9dbdb86f-8424-484c-bb76-0d9fa27573c8",
    "user_id": "cf142159-506f-4fe6-a45c-98ca2fd07f20",
    "session_id": "a25edcdc-f55f-4ded-b469-49cbc9dfcfbf",
    "ip_address": "193.187.150.92",
    "user_agent": "Mozilla/5.0 (Windows NT 10.0; Win64; x64) AppleWebKit/537.36 (KHTML, like Gecko) Chrome/119.0.0.0 Safari/537.36",
    "url": "https://sistema.veneventos.com/dashboard/crear-mapa/52",
    "referrer": null,
    "created_at": "2025-12-18T19:43:34.495+00:00"
  },
  {
    "id": "96f0785d-e223-4122-a02e-036bd8c8ffc2",
    "action": "user_login",
    "details": "{\"userId\":\"cf142159-506f-4fe6-a45c-98ca2fd07f20\",\"email\":\"admin10@admin.com\",\"action\":\"login\"}",
    "metadata": "{}",
    "resource_id": "cf142159-506f-4fe6-a45c-98ca2fd07f20",
    "resource_type": "user",
    "severity": "info",
    "tenant_id": "9dbdb86f-8424-484c-bb76-0d9fa27573c8",
    "user_id": "cf142159-506f-4fe6-a45c-98ca2fd07f20",
    "session_id": "a25edcdc-f55f-4ded-b469-49cbc9dfcfbf",
    "ip_address": "193.187.150.92",
    "user_agent": "Mozilla/5.0 (Windows NT 10.0; Win64; x64) AppleWebKit/537.36 (KHTML, like Gecko) Chrome/119.0.0.0 Safari/537.36",
    "url": "https://sistema.veneventos.com/dashboard/crear-mapa/52",
    "referrer": null,
    "created_at": "2025-12-18T19:44:48.934+00:00"
  },
  {
    "id": "7e157ee1-753b-411d-96f6-2c93fffb8e65",
    "action": "user_login",
    "details": "{\"userId\":\"cf142159-506f-4fe6-a45c-98ca2fd07f20\",\"email\":\"admin10@admin.com\",\"action\":\"login\"}",
    "metadata": "{}",
    "resource_id": "cf142159-506f-4fe6-a45c-98ca2fd07f20",
    "resource_type": "user",
    "severity": "info",
    "tenant_id": "9dbdb86f-8424-484c-bb76-0d9fa27573c8",
    "user_id": "cf142159-506f-4fe6-a45c-98ca2fd07f20",
    "session_id": "a25edcdc-f55f-4ded-b469-49cbc9dfcfbf",
    "ip_address": "193.187.150.92",
    "user_agent": "Mozilla/5.0 (Windows NT 10.0; Win64; x64) AppleWebKit/537.36 (KHTML, like Gecko) Chrome/119.0.0.0 Safari/537.36",
    "url": "https://sistema.veneventos.com/dashboard/crear-mapa/52",
    "referrer": null,
    "created_at": "2025-12-18T19:45:03.501+00:00"
  },
  {
    "id": "545aa23f-2313-40d7-b863-88a8db6649ff",
    "action": "user_login",
    "details": "{\"userId\":\"cf142159-506f-4fe6-a45c-98ca2fd07f20\",\"email\":\"admin10@admin.com\",\"action\":\"login\"}",
    "metadata": "{}",
    "resource_id": "cf142159-506f-4fe6-a45c-98ca2fd07f20",
    "resource_type": "user",
    "severity": "info",
    "tenant_id": "9dbdb86f-8424-484c-bb76-0d9fa27573c8",
    "user_id": "cf142159-506f-4fe6-a45c-98ca2fd07f20",
    "session_id": "a25edcdc-f55f-4ded-b469-49cbc9dfcfbf",
    "ip_address": "193.187.150.92",
    "user_agent": "Mozilla/5.0 (Windows NT 10.0; Win64; x64) AppleWebKit/537.36 (KHTML, like Gecko) Chrome/119.0.0.0 Safari/537.36",
    "url": "https://sistema.veneventos.com/dashboard/crear-mapa/52",
    "referrer": "https://sistema.veneventos.com/dashboard/plano",
    "created_at": "2025-12-18T19:51:09.582+00:00"
  },
  {
    "id": "2ee37540-a979-4f38-b15f-0c5a6c0e5346",
    "action": "user_login",
    "details": "{\"userId\":\"cf142159-506f-4fe6-a45c-98ca2fd07f20\",\"email\":\"admin10@admin.com\",\"action\":\"login\"}",
    "metadata": "{}",
    "resource_id": "cf142159-506f-4fe6-a45c-98ca2fd07f20",
    "resource_type": "user",
    "severity": "info",
    "tenant_id": "9dbdb86f-8424-484c-bb76-0d9fa27573c8",
    "user_id": "cf142159-506f-4fe6-a45c-98ca2fd07f20",
    "session_id": "a25edcdc-f55f-4ded-b469-49cbc9dfcfbf",
    "ip_address": "193.187.150.92",
    "user_agent": "Mozilla/5.0 (Windows NT 10.0; Win64; x64) AppleWebKit/537.36 (KHTML, like Gecko) Chrome/119.0.0.0 Safari/537.36",
    "url": "https://sistema.veneventos.com/dashboard/crear-mapa/52",
    "referrer": "https://sistema.veneventos.com/dashboard/plano",
    "created_at": "2025-12-18T19:51:29.42+00:00"
  },
  {
    "id": "e8e3599f-7eae-4e5a-909e-09b91e4ebfca",
    "action": "user_login",
    "details": "{\"userId\":\"cf142159-506f-4fe6-a45c-98ca2fd07f20\",\"email\":\"admin10@admin.com\",\"action\":\"login\"}",
    "metadata": "{}",
    "resource_id": "cf142159-506f-4fe6-a45c-98ca2fd07f20",
    "resource_type": "user",
    "severity": "info",
    "tenant_id": "9dbdb86f-8424-484c-bb76-0d9fa27573c8",
    "user_id": "cf142159-506f-4fe6-a45c-98ca2fd07f20",
    "session_id": "a25edcdc-f55f-4ded-b469-49cbc9dfcfbf",
    "ip_address": "193.187.150.92",
    "user_agent": "Mozilla/5.0 (Windows NT 10.0; Win64; x64) AppleWebKit/537.36 (KHTML, like Gecko) Chrome/119.0.0.0 Safari/537.36",
    "url": "https://sistema.veneventos.com/dashboard/crear-mapa/52",
    "referrer": null,
    "created_at": "2025-12-18T19:53:20.771+00:00"
  },
  {
    "id": "6398f1ca-717e-4544-a6a8-eb185ce21777",
    "action": "user_login",
    "details": "{\"userId\":\"cf142159-506f-4fe6-a45c-98ca2fd07f20\",\"email\":\"admin10@admin.com\",\"action\":\"login\"}",
    "metadata": "{}",
    "resource_id": "cf142159-506f-4fe6-a45c-98ca2fd07f20",
    "resource_type": "user",
    "severity": "info",
    "tenant_id": "9dbdb86f-8424-484c-bb76-0d9fa27573c8",
    "user_id": "cf142159-506f-4fe6-a45c-98ca2fd07f20",
    "session_id": "a25edcdc-f55f-4ded-b469-49cbc9dfcfbf",
    "ip_address": "190.120.254.4",
    "user_agent": "Mozilla/5.0 (Windows NT 10.0; Win64; x64) AppleWebKit/537.36 (KHTML, like Gecko) Chrome/119.0.0.0 Safari/537.36",
    "url": "https://sistema.veneventos.com/dashboard/boleteria",
    "referrer": null,
    "created_at": "2025-12-18T21:25:41.711+00:00"
  },
  {
    "id": "d7862ed2-7715-4090-9395-7db191d5b91a",
    "action": "user_login",
    "details": "{\"userId\":\"cf142159-506f-4fe6-a45c-98ca2fd07f20\",\"email\":\"admin10@admin.com\",\"action\":\"login\"}",
    "metadata": "{}",
    "resource_id": "cf142159-506f-4fe6-a45c-98ca2fd07f20",
    "resource_type": "user",
    "severity": "info",
    "tenant_id": "9dbdb86f-8424-484c-bb76-0d9fa27573c8",
    "user_id": "cf142159-506f-4fe6-a45c-98ca2fd07f20",
    "session_id": "a25edcdc-f55f-4ded-b469-49cbc9dfcfbf",
    "ip_address": "190.120.254.4",
    "user_agent": "Mozilla/5.0 (Windows NT 10.0; Win64; x64) AppleWebKit/537.36 (KHTML, like Gecko) Chrome/119.0.0.0 Safari/537.36",
    "url": "https://sistema.veneventos.com/dashboard/boleteria",
    "referrer": "https://sistema.veneventos.com/dashboard/boleteria",
    "created_at": "2025-12-19T01:12:08.963+00:00"
  },
  {
    "id": "8e54fe3a-5e15-472f-84d4-978893631389",
    "action": "user_login",
    "details": "{\"userId\":\"cf142159-506f-4fe6-a45c-98ca2fd07f20\",\"email\":\"admin10@admin.com\",\"action\":\"login\"}",
    "metadata": "{}",
    "resource_id": "cf142159-506f-4fe6-a45c-98ca2fd07f20",
    "resource_type": "user",
    "severity": "info",
    "tenant_id": "9dbdb86f-8424-484c-bb76-0d9fa27573c8",
    "user_id": "cf142159-506f-4fe6-a45c-98ca2fd07f20",
    "session_id": "a25edcdc-f55f-4ded-b469-49cbc9dfcfbf",
    "ip_address": "154.62.127.251",
    "user_agent": "Mozilla/5.0 (Windows NT 10.0; Win64; x64) AppleWebKit/537.36 (KHTML, like Gecko) Chrome/119.0.0.0 Safari/537.36",
    "url": "https://sistema.veneventos.com/",
    "referrer": "https://vercel.com/",
    "created_at": "2025-12-19T16:12:22.185+00:00"
  },
  {
    "id": "fa95640d-1098-40aa-b133-3f32244f2888",
    "action": "user_login",
    "details": "{\"userId\":\"cf142159-506f-4fe6-a45c-98ca2fd07f20\",\"email\":\"admin10@admin.com\",\"action\":\"login\"}",
    "metadata": "{}",
    "resource_id": "cf142159-506f-4fe6-a45c-98ca2fd07f20",
    "resource_type": "user",
    "severity": "info",
    "tenant_id": "9dbdb86f-8424-484c-bb76-0d9fa27573c8",
    "user_id": "cf142159-506f-4fe6-a45c-98ca2fd07f20",
    "session_id": "a25edcdc-f55f-4ded-b469-49cbc9dfcfbf",
    "ip_address": "154.62.127.251",
    "user_agent": "Mozilla/5.0 (Windows NT 10.0; Win64; x64) AppleWebKit/537.36 (KHTML, like Gecko) Chrome/119.0.0.0 Safari/537.36",
    "url": "https://sistema.veneventos.com/dashboard/boleteria",
    "referrer": null,
    "created_at": "2025-12-19T16:13:21.391+00:00"
  },
  {
    "id": "6baccf7b-721f-434c-babd-ad4a99cb3cb8",
    "action": "user_login",
    "details": "{\"userId\":\"cf142159-506f-4fe6-a45c-98ca2fd07f20\",\"email\":\"admin10@admin.com\",\"action\":\"login\"}",
    "metadata": "{}",
    "resource_id": "cf142159-506f-4fe6-a45c-98ca2fd07f20",
    "resource_type": "user",
    "severity": "info",
    "tenant_id": "9dbdb86f-8424-484c-bb76-0d9fa27573c8",
    "user_id": "cf142159-506f-4fe6-a45c-98ca2fd07f20",
    "session_id": "a25edcdc-f55f-4ded-b469-49cbc9dfcfbf",
    "ip_address": "154.62.127.251",
    "user_agent": "Mozilla/5.0 (Windows NT 10.0; Win64; x64) AppleWebKit/537.36 (KHTML, like Gecko) Chrome/119.0.0.0 Safari/537.36",
    "url": "https://sistema.veneventos.com/dashboard",
    "referrer": "https://sistema.veneventos.com/dashboard/boleteria",
    "created_at": "2025-12-19T16:13:24.521+00:00"
  },
  {
    "id": "48dc673e-8542-4dcb-aad8-5bd3a21ab952",
    "action": "user_login",
    "details": "{\"userId\":\"cf142159-506f-4fe6-a45c-98ca2fd07f20\",\"email\":\"admin10@admin.com\",\"action\":\"login\"}",
    "metadata": "{}",
    "resource_id": "cf142159-506f-4fe6-a45c-98ca2fd07f20",
    "resource_type": "user",
    "severity": "info",
    "tenant_id": "9dbdb86f-8424-484c-bb76-0d9fa27573c8",
    "user_id": "cf142159-506f-4fe6-a45c-98ca2fd07f20",
    "session_id": "a25edcdc-f55f-4ded-b469-49cbc9dfcfbf",
    "ip_address": "154.62.127.251",
    "user_agent": "Mozilla/5.0 (Windows NT 10.0; Win64; x64) AppleWebKit/537.36 (KHTML, like Gecko) Chrome/119.0.0.0 Safari/537.36",
    "url": "https://sistema.veneventos.com/dashboard/crear-mapa/52",
    "referrer": "https://sistema.veneventos.com/dashboard/plano",
    "created_at": "2025-12-19T16:14:03.257+00:00"
  },
  {
    "id": "51073bff-4afc-4a9c-af87-562aff6119ba",
    "action": "user_login",
    "details": "{\"userId\":\"cf142159-506f-4fe6-a45c-98ca2fd07f20\",\"email\":\"admin10@admin.com\",\"action\":\"login\"}",
    "metadata": "{}",
    "resource_id": "cf142159-506f-4fe6-a45c-98ca2fd07f20",
    "resource_type": "user",
    "severity": "info",
    "tenant_id": "9dbdb86f-8424-484c-bb76-0d9fa27573c8",
    "user_id": "cf142159-506f-4fe6-a45c-98ca2fd07f20",
    "session_id": "a25edcdc-f55f-4ded-b469-49cbc9dfcfbf",
    "ip_address": "154.62.127.251",
    "user_agent": "Mozilla/5.0 (Windows NT 10.0; Win64; x64) AppleWebKit/537.36 (KHTML, like Gecko) Chrome/119.0.0.0 Safari/537.36",
    "url": "https://sistema.veneventos.com/dashboard/crear-mapa/52",
    "referrer": "https://sistema.veneventos.com/dashboard/plano",
    "created_at": "2025-12-19T16:17:07.564+00:00"
  },
  {
    "id": "9d2c2576-cd6a-43bc-a39e-0305826f21af",
    "action": "user_login",
    "details": "{\"userId\":\"cf142159-506f-4fe6-a45c-98ca2fd07f20\",\"email\":\"admin10@admin.com\",\"action\":\"login\"}",
    "metadata": "{}",
    "resource_id": "cf142159-506f-4fe6-a45c-98ca2fd07f20",
    "resource_type": "user",
    "severity": "info",
    "tenant_id": "9dbdb86f-8424-484c-bb76-0d9fa27573c8",
    "user_id": "cf142159-506f-4fe6-a45c-98ca2fd07f20",
    "session_id": "a25edcdc-f55f-4ded-b469-49cbc9dfcfbf",
    "ip_address": "154.62.127.251",
    "user_agent": "Mozilla/5.0 (Windows NT 10.0; Win64; x64) AppleWebKit/537.36 (KHTML, like Gecko) Chrome/119.0.0.0 Safari/537.36",
    "url": "https://sistema.veneventos.com/dashboard/crear-mapa/52",
    "referrer": null,
    "created_at": "2025-12-19T16:17:19.022+00:00"
  },
  {
    "id": "2ebc2bc3-63d8-479d-aa47-8f88697b2ebd",
    "action": "user_login",
    "details": "{\"userId\":\"cf142159-506f-4fe6-a45c-98ca2fd07f20\",\"email\":\"admin10@admin.com\",\"action\":\"login\"}",
    "metadata": "{}",
    "resource_id": "cf142159-506f-4fe6-a45c-98ca2fd07f20",
    "resource_type": "user",
    "severity": "info",
    "tenant_id": "9dbdb86f-8424-484c-bb76-0d9fa27573c8",
    "user_id": "cf142159-506f-4fe6-a45c-98ca2fd07f20",
    "session_id": "a25edcdc-f55f-4ded-b469-49cbc9dfcfbf",
    "ip_address": "89.116.158.254",
    "user_agent": "Mozilla/5.0 (Windows NT 10.0; Win64; x64) AppleWebKit/537.36 (KHTML, like Gecko) Chrome/119.0.0.0 Safari/537.36",
    "url": "https://sistema.veneventos.com/dashboard/crear-mapa/52",
    "referrer": null,
    "created_at": "2025-12-19T17:11:10.373+00:00"
  },
  {
    "id": "505c97b4-51c1-4115-af39-469c537e69e7",
    "action": "user_login",
    "details": "{\"userId\":\"cf142159-506f-4fe6-a45c-98ca2fd07f20\",\"email\":\"admin10@admin.com\",\"action\":\"login\"}",
    "metadata": "{}",
    "resource_id": "cf142159-506f-4fe6-a45c-98ca2fd07f20",
    "resource_type": "user",
    "severity": "info",
    "tenant_id": "9dbdb86f-8424-484c-bb76-0d9fa27573c8",
    "user_id": "cf142159-506f-4fe6-a45c-98ca2fd07f20",
    "session_id": "a25edcdc-f55f-4ded-b469-49cbc9dfcfbf",
    "ip_address": "89.116.158.254",
    "user_agent": "Mozilla/5.0 (Windows NT 10.0; Win64; x64) AppleWebKit/537.36 (KHTML, like Gecko) Chrome/119.0.0.0 Safari/537.36",
    "url": "https://sistema.veneventos.com/dashboard/crear-mapa/52",
    "referrer": null,
    "created_at": "2025-12-19T17:13:02.998+00:00"
  },
  {
    "id": "5ad1262c-db6d-4748-95e9-db9c800dbf4b",
    "action": "user_login",
    "details": "{\"userId\":\"cf142159-506f-4fe6-a45c-98ca2fd07f20\",\"email\":\"admin10@admin.com\",\"action\":\"login\"}",
    "metadata": "{}",
    "resource_id": "cf142159-506f-4fe6-a45c-98ca2fd07f20",
    "resource_type": "user",
    "severity": "info",
    "tenant_id": "9dbdb86f-8424-484c-bb76-0d9fa27573c8",
    "user_id": "cf142159-506f-4fe6-a45c-98ca2fd07f20",
    "session_id": "a25edcdc-f55f-4ded-b469-49cbc9dfcfbf",
    "ip_address": "89.116.158.254",
    "user_agent": "Mozilla/5.0 (Windows NT 10.0; Win64; x64) AppleWebKit/537.36 (KHTML, like Gecko) Chrome/119.0.0.0 Safari/537.36",
    "url": "https://sistema.veneventos.com/dashboard/crear-mapa/52",
    "referrer": null,
    "created_at": "2025-12-19T17:23:49.827+00:00"
  },
  {
    "id": "d89f26a7-7791-4f24-9f55-18ea354c4b10",
    "action": "user_login",
    "details": "{\"userId\":\"cf142159-506f-4fe6-a45c-98ca2fd07f20\",\"email\":\"admin10@admin.com\",\"action\":\"login\"}",
    "metadata": "{}",
    "resource_id": "cf142159-506f-4fe6-a45c-98ca2fd07f20",
    "resource_type": "user",
    "severity": "info",
    "tenant_id": "9dbdb86f-8424-484c-bb76-0d9fa27573c8",
    "user_id": "cf142159-506f-4fe6-a45c-98ca2fd07f20",
    "session_id": "a25edcdc-f55f-4ded-b469-49cbc9dfcfbf",
    "ip_address": "156.146.59.31",
    "user_agent": "Mozilla/5.0 (Windows NT 10.0; Win64; x64) AppleWebKit/537.36 (KHTML, like Gecko) Chrome/119.0.0.0 Safari/537.36",
    "url": "https://sistema.veneventos.com/dashboard/crear-mapa/52",
    "referrer": null,
    "created_at": "2025-12-19T17:32:57.145+00:00"
  },
  {
    "id": "4e6dc8ed-abaf-4991-8193-a1888d77cb50",
    "action": "user_login",
    "details": "{\"userId\":\"cf142159-506f-4fe6-a45c-98ca2fd07f20\",\"email\":\"admin10@admin.com\",\"action\":\"login\"}",
    "metadata": "{}",
    "resource_id": "cf142159-506f-4fe6-a45c-98ca2fd07f20",
    "resource_type": "user",
    "severity": "info",
    "tenant_id": "9dbdb86f-8424-484c-bb76-0d9fa27573c8",
    "user_id": "cf142159-506f-4fe6-a45c-98ca2fd07f20",
    "session_id": "a25edcdc-f55f-4ded-b469-49cbc9dfcfbf",
    "ip_address": "156.146.59.31",
    "user_agent": "Mozilla/5.0 (Windows NT 10.0; Win64; x64) AppleWebKit/537.36 (KHTML, like Gecko) Chrome/119.0.0.0 Safari/537.36",
    "url": "https://sistema.veneventos.com/dashboard/crear-mapa/52",
    "referrer": null,
    "created_at": "2025-12-19T17:46:22.065+00:00"
  },
  {
    "id": "3b2dcb3c-e741-4ab2-99d8-b451cfb12dcc",
    "action": "user_login",
    "details": "{\"userId\":\"cf142159-506f-4fe6-a45c-98ca2fd07f20\",\"email\":\"admin10@admin.com\",\"action\":\"login\"}",
    "metadata": "{}",
    "resource_id": "cf142159-506f-4fe6-a45c-98ca2fd07f20",
    "resource_type": "user",
    "severity": "info",
    "tenant_id": "9dbdb86f-8424-484c-bb76-0d9fa27573c8",
    "user_id": "cf142159-506f-4fe6-a45c-98ca2fd07f20",
    "session_id": "a25edcdc-f55f-4ded-b469-49cbc9dfcfbf",
    "ip_address": "156.146.59.31",
    "user_agent": "Mozilla/5.0 (Windows NT 10.0; Win64; x64) AppleWebKit/537.36 (KHTML, like Gecko) Chrome/119.0.0.0 Safari/537.36",
    "url": "https://sistema.veneventos.com/dashboard/crear-mapa/52",
    "referrer": null,
    "created_at": "2025-12-19T17:46:23.138+00:00"
  },
  {
    "id": "a51d2cf8-5ba2-4aeb-a16e-6e4b615df499",
    "action": "user_login",
    "details": "{\"userId\":\"cf142159-506f-4fe6-a45c-98ca2fd07f20\",\"email\":\"admin10@admin.com\",\"action\":\"login\"}",
    "metadata": "{}",
    "resource_id": "cf142159-506f-4fe6-a45c-98ca2fd07f20",
    "resource_type": "user",
    "severity": "info",
    "tenant_id": "9dbdb86f-8424-484c-bb76-0d9fa27573c8",
    "user_id": "cf142159-506f-4fe6-a45c-98ca2fd07f20",
    "session_id": "a25edcdc-f55f-4ded-b469-49cbc9dfcfbf",
    "ip_address": "156.146.59.31",
    "user_agent": "Mozilla/5.0 (Windows NT 10.0; Win64; x64) AppleWebKit/537.36 (KHTML, like Gecko) Chrome/119.0.0.0 Safari/537.36",
    "url": "https://sistema.veneventos.com/dashboard/crear-mapa/52",
    "referrer": null,
    "created_at": "2025-12-19T17:48:56.875+00:00"
  },
  {
    "id": "6a3fe18c-fc2e-40b8-a2a5-8ca36d1ba04c",
    "action": "user_login",
    "details": "{\"userId\":\"cf142159-506f-4fe6-a45c-98ca2fd07f20\",\"email\":\"admin10@admin.com\",\"action\":\"login\"}",
    "metadata": "{}",
    "resource_id": "cf142159-506f-4fe6-a45c-98ca2fd07f20",
    "resource_type": "user",
    "severity": "info",
    "tenant_id": "9dbdb86f-8424-484c-bb76-0d9fa27573c8",
    "user_id": "cf142159-506f-4fe6-a45c-98ca2fd07f20",
    "session_id": "a25edcdc-f55f-4ded-b469-49cbc9dfcfbf",
    "ip_address": "156.146.59.31",
    "user_agent": "Mozilla/5.0 (Windows NT 10.0; Win64; x64) AppleWebKit/537.36 (KHTML, like Gecko) Chrome/119.0.0.0 Safari/537.36",
    "url": "https://sistema.veneventos.com/dashboard/crear-mapa/52",
    "referrer": null,
    "created_at": "2025-12-19T18:27:07.148+00:00"
  },
  {
    "id": "7839eede-a7b8-401a-a864-eb9dcbefdecb",
    "action": "user_login",
    "details": "{\"userId\":\"cf142159-506f-4fe6-a45c-98ca2fd07f20\",\"email\":\"admin10@admin.com\",\"action\":\"login\"}",
    "metadata": "{}",
    "resource_id": "cf142159-506f-4fe6-a45c-98ca2fd07f20",
    "resource_type": "user",
    "severity": "info",
    "tenant_id": "9dbdb86f-8424-484c-bb76-0d9fa27573c8",
    "user_id": "cf142159-506f-4fe6-a45c-98ca2fd07f20",
    "session_id": "a25edcdc-f55f-4ded-b469-49cbc9dfcfbf",
    "ip_address": "156.146.59.31",
    "user_agent": "Mozilla/5.0 (Windows NT 10.0; Win64; x64) AppleWebKit/537.36 (KHTML, like Gecko) Chrome/119.0.0.0 Safari/537.36",
    "url": "https://sistema.veneventos.com/dashboard/crear-mapa/52",
    "referrer": null,
    "created_at": "2025-12-19T18:27:24.986+00:00"
  },
  {
    "id": "04d3ab18-4640-4daf-a58c-6c6279ef3328",
    "action": "user_login",
    "details": "{\"userId\":\"cf142159-506f-4fe6-a45c-98ca2fd07f20\",\"email\":\"admin10@admin.com\",\"action\":\"login\"}",
    "metadata": "{}",
    "resource_id": "cf142159-506f-4fe6-a45c-98ca2fd07f20",
    "resource_type": "user",
    "severity": "info",
    "tenant_id": "9dbdb86f-8424-484c-bb76-0d9fa27573c8",
    "user_id": "cf142159-506f-4fe6-a45c-98ca2fd07f20",
    "session_id": "a25edcdc-f55f-4ded-b469-49cbc9dfcfbf",
    "ip_address": "156.146.59.31",
    "user_agent": "Mozilla/5.0 (Windows NT 10.0; Win64; x64) AppleWebKit/537.36 (KHTML, like Gecko) Chrome/119.0.0.0 Safari/537.36",
    "url": "https://sistema.veneventos.com/store",
    "referrer": null,
    "created_at": "2025-12-19T18:39:59.962+00:00"
  },
  {
    "id": "2560e5e2-6899-42ca-8dc8-2fddf059b1b8",
    "action": "user_login",
    "details": "{\"userId\":\"cf142159-506f-4fe6-a45c-98ca2fd07f20\",\"email\":\"admin10@admin.com\",\"action\":\"login\"}",
    "metadata": "{}",
    "resource_id": "cf142159-506f-4fe6-a45c-98ca2fd07f20",
    "resource_type": "user",
    "severity": "info",
    "tenant_id": "9dbdb86f-8424-484c-bb76-0d9fa27573c8",
    "user_id": "cf142159-506f-4fe6-a45c-98ca2fd07f20",
    "session_id": "a25edcdc-f55f-4ded-b469-49cbc9dfcfbf",
    "ip_address": "156.146.59.31",
    "user_agent": "Mozilla/5.0 (Windows NT 10.0; Win64; x64) AppleWebKit/537.36 (KHTML, like Gecko) Chrome/119.0.0.0 Safari/537.36",
    "url": "https://sistema.veneventos.com/dashboard/crear-mapa/52",
    "referrer": null,
    "created_at": "2025-12-19T18:41:12.564+00:00"
  },
  {
    "id": "588ab836-b0fe-4f76-964a-d65276d5583f",
    "action": "user_login",
    "details": "{\"userId\":\"cf142159-506f-4fe6-a45c-98ca2fd07f20\",\"email\":\"admin10@admin.com\",\"action\":\"login\"}",
    "metadata": "{}",
    "resource_id": "cf142159-506f-4fe6-a45c-98ca2fd07f20",
    "resource_type": "user",
    "severity": "info",
    "tenant_id": "9dbdb86f-8424-484c-bb76-0d9fa27573c8",
    "user_id": "cf142159-506f-4fe6-a45c-98ca2fd07f20",
    "session_id": "a25edcdc-f55f-4ded-b469-49cbc9dfcfbf",
    "ip_address": "156.146.59.31",
    "user_agent": "Mozilla/5.0 (Windows NT 10.0; Win64; x64) AppleWebKit/537.36 (KHTML, like Gecko) Chrome/119.0.0.0 Safari/537.36",
    "url": "https://sistema.veneventos.com/dashboard/crear-mapa/52",
    "referrer": null,
    "created_at": "2025-12-19T18:56:53.535+00:00"
  },
  {
    "id": "534ee63d-da5e-4da7-ba7b-03ef92a09e7f",
    "action": "user_login",
    "details": "{\"userId\":\"cf142159-506f-4fe6-a45c-98ca2fd07f20\",\"email\":\"admin10@admin.com\",\"action\":\"login\"}",
    "metadata": "{}",
    "resource_id": "cf142159-506f-4fe6-a45c-98ca2fd07f20",
    "resource_type": "user",
    "severity": "info",
    "tenant_id": "9dbdb86f-8424-484c-bb76-0d9fa27573c8",
    "user_id": "cf142159-506f-4fe6-a45c-98ca2fd07f20",
    "session_id": "a25edcdc-f55f-4ded-b469-49cbc9dfcfbf",
    "ip_address": "156.146.59.31",
    "user_agent": "Mozilla/5.0 (Windows NT 10.0; Win64; x64) AppleWebKit/537.36 (KHTML, like Gecko) Chrome/119.0.0.0 Safari/537.36",
    "url": "https://sistema.veneventos.com/dashboard/crear-mapa/52",
    "referrer": null,
    "created_at": "2025-12-19T18:57:26.505+00:00"
  },
  {
    "id": "b5b2239e-50ba-47e9-9dba-d93883a0721a",
    "action": "user_login",
    "details": "{\"userId\":\"cf142159-506f-4fe6-a45c-98ca2fd07f20\",\"email\":\"admin10@admin.com\",\"action\":\"login\"}",
    "metadata": "{}",
    "resource_id": "cf142159-506f-4fe6-a45c-98ca2fd07f20",
    "resource_type": "user",
    "severity": "info",
    "tenant_id": "9dbdb86f-8424-484c-bb76-0d9fa27573c8",
    "user_id": "cf142159-506f-4fe6-a45c-98ca2fd07f20",
    "session_id": "a25edcdc-f55f-4ded-b469-49cbc9dfcfbf",
    "ip_address": "156.146.59.31",
    "user_agent": "Mozilla/5.0 (Windows NT 10.0; Win64; x64) AppleWebKit/537.36 (KHTML, like Gecko) Chrome/119.0.0.0 Safari/537.36",
    "url": "https://sistema.veneventos.com/",
    "referrer": null,
    "created_at": "2025-12-21T13:02:16.975+00:00"
  }
]